3 r)eacs 04: \vice ec na:epoo.c Da Der,vice Der,1
DE. Le mc
Dens wiy1 eraser ay:a
1ue sT:cs z. Daras c (rm1`e/.''�_a \o
box1.i
o no.2 Denci s
pack of 2.z 4 co orec Denci s,pack,1
(assor1ec coor izess and sizes)
LUMD c rive / +y as l c rive - e s':oracc,rive rive,1
2 Dac(s 0•: 00 wii:e inec incex carcs
0 con Dosi Ion no - Doo .Cs �' D ac< anc,con Dosi Ion,1
3 • � r
"- Drone Doc , ��otcers (3 ci•�eren: co on",Drone Doc,1
"Da c 0."" gra Da - (or ma: 1"
Do o C ra yo ' a D ra n c re a N.e rs
2 boxes o K eene . issues,issues,2
2 o: es ianc saniizer or a soa:
"ro, : o Da Der :owe s",Der owe,1
",5ox o,^ - a on Korace ags"
1 box o' ' _ La Korac e ba.s
boxosa Dacs
