"WkWelametoitimaikse4 s, bigot fflon: eseitiert et . :1 04 pow",bigot pow,1
nopplies iturt Ise nit! be.e0*.sg *. it*° hale. ink you ods tor r
1 etrik: batik 1,batik,1
2: 11 Otteeittitittetitite:
24 wont imz) •
4. t *w
lode petictivrfve ter° r,lode,1
.
*Mb
0404. aft # moo,aft moo,0404
bras,bras,Multiple
";ark*,few:.€",ark few,1
`.: ion Antics o ikPfirs,ion Antics,Multiple
h :: * ti 470/0
1
"00,14"
COI
17* padfitap:; 9Pwaltd
3 b ofgtikk Skit 7.4Hoe bopi,Skit,3
.1biri of:Baud Aitki,Baud,1
NM* lifiiitAfra inside (se #e not get st
Boggs
its
"i i J Urge package V lef hilt, attiunc *too"
L..t box of **kw Ii i Zip -1w bap,Zip,1
19. I bag of etyma biono,bag,19
"0 % Your r b $p.rso ngh s math backpuk, tinirotros shims.,",Your shims,Multiple
"tiv,„""meters, rafatiss4, bato, ttc loom bt Itaj 'ow1t your ids gloat"
**Mks are due Mt WO of Meti Voir Thither boast prefo*ble)or the First
